name,type,default
ExecutionMode,ExecutionChoice,TESTER_ONLY
MagicNumber,ulong,26092801
TradeComment,string,"""TradingBot"""
Slippage,int,10
MaximumSpreadAllowed,double,30
RequireServerExpiration,bool,true
CancelPendingOutsideSession,bool,true
HigherTimeframe,ENUM_TIMEFRAMES,PERIOD_H1
EntryTimeframe,ENUM_TIMEFRAMES,PERIOD_M5
FractalPeriod,int,5
FractalLookback,int,500
ConsumeLevelOnFirstBreach,bool,true
RequireBothCandlesAfterSweep,bool,false
StrictEngulfingBoundaries,bool,false
RequirePreviousCandleOppositeColor,bool,true
ExcludePreviousDoji,bool,true
EngulfingMinimumBodyPoints,double,0
EngulfingMaximumBodyPoints,double,0
SweepMinimumPenetrationPoints,double,0
SweepMinimumReclaimPoints,double,0
SLBufferPoints,double,10
RiskRewardRatio,double,3
EnableBuyTrades,bool,true
EnableSellTrades,bool,true
EnableSetupExpiration,bool,true
MaximumBarsAfterSweep,int,12
MaximumMinutesAfterSweep,int,60
RiskMode,RiskChoice,RISK_PERCENT
UseFixedLot,bool,false
FixedLotSize,double,0.01
RiskAmountUSD,double,25
RiskPercentage,double,0.25
CommissionReservePerLot,double,10
AdverseExecutionReservePoints,double,10
MaximumActiveTrades,int,1
MaximumTradesPerSymbol,int,1
MaximumDailyTrades,int,3
MaximumDailyLoss,double,2
MaximumOverallDrawdown,double,10
EnableLondonSession,bool,false
LondonSessionStart,string,"""08:00"""
LondonSessionEnd,string,"""17:00"""
EnableNewYorkSession,bool,false
NewYorkSessionStart,string,"""13:00"""
NewYorkSessionEnd,string,"""22:00"""
SessionTimeMode,ClockChoice,BROKER_TIME
BrokerUTCOffsetFile,string,"""broker_offsets.csv"""
ConfiguredUTCOffsetMinutes,int,0
EnablePendingOrderExpiration,bool,true
PendingOrderExpirationMinutes,int,60
HardPendingLifetimeMinutes,int,1440
EnableBreakeven,bool,false
BreakevenTriggerRR,double,1
BreakevenOffsetPoints,double,0
EnablePartialTakeProfit,bool,false
PartialClosePercentage,double,50
PartialTPTriggerRR,double,1.5
EnableTrailingStop,bool,false
TrailingStopDistance,double,100
TrailingStopActivationRR,double,2
ManagementRetrySeconds,int,5
EnableNewsFilter,bool,false
HighImpactOnly,bool,true
NewsMinutesBefore,int,30
NewsMinutesAfter,int,30
EnableDashboard,bool,true
EnableChartObjects,bool,true
CleanupChartObjects,bool,true
EnableNotifications,bool,false
EnablePushNotifications,bool,false
EnableEmailAlerts,bool,false
EnableDebugLogs,bool,false
ExportResearchData,bool,true
RunId,string,"""baseline"""
ExportBarData,bool,true
